[
  {
    "id": "9e8196d3-a3c5-482c-9641-5a7fd6dff856",
    "data": [
      {
        "text": "could you tell in which date  you want items to be receive",
        "userDefined": false
      }
    ],
    "isTemplate": false,
    "count": 0,
    "lang": "en",
    "updated": 0
  },
  {
    "id": "96f11061-ce76-4108-9db1-3552ebd72a5a",
    "data": [
      {
        "text": "could you add the desserts",
        "userDefined": false
      }
    ],
    "isTemplate": false,
    "count": 0,
    "lang": "en",
    "updated": 0
  },
  {
    "id": "56ae35e3-40e0-4038-a72b-f42c607f7e9d",
    "data": [
      {
        "text": "could you tell name list of the grossary items",
        "userDefined": false
      }
    ],
    "isTemplate": false,
    "count": 0,
    "lang": "en",
    "updated": 0
  },
  {
    "id": "99bdf98a-8367-4366-9708-2da66d1d2ea9",
    "data": [
      {
        "text": "could you oder the grossary items through  mobile number 2365987410",
        "userDefined": false
      }
    ],
    "isTemplate": false,
    "count": 0,
    "lang": "en",
    "updated": 0
  },
  {
    "id": "c89eb1d9-2b90-43c4-b56e-9c12f10ca126",
    "data": [
      {
        "text": "how can i oder the grossary items",
        "userDefined": false
      }
    ],
    "isTemplate": false,
    "count": 0,
    "lang": "en",
    "updated": 0
  },
  {
    "id": "65a8dd9f-a9bd-4de0-898c-bda4b295f4b8",
    "data": [
      {
        "text": "i want to oder the grossary",
        "userDefined": false
      }
    ],
    "isTemplate": false,
    "count": 0,
    "lang": "en",
    "updated": 0
  },
  {
    "id": "db574768-4123-40b3-9b43-5516b38a9da2",
    "data": [
      {
        "text": "Could you oder me the grossary items through csedharani625@gmail.com",
        "userDefined": false
      }
    ],
    "isTemplate": false,
    "count": 0,
    "lang": "en",
    "updated": 0
  },
  {
    "id": "9e77e71b-9d1e-4d02-8057-fc5f38ccfb7b",
    "data": [
      {
        "text": "please oder the list of grossary items",
        "userDefined": false
      }
    ],
    "isTemplate": false,
    "count": 0,
    "lang": "en",
    "updated": 0
  },
  {
    "id": "dacf3821-9eb4-468c-848f-4b55b3a70ed5",
    "data": [
      {
        "text": "oder me the list of grossary items",
        "userDefined": false
      }
    ],
    "isTemplate": false,
    "count": 1,
    "lang": "en",
    "updated": 0
  }
]