[
  {
    "value": "dark chocolates",
    "synonyms": [
      "dark chocolates"
    ]
  },
  {
    "value": "dairy milk",
    "synonyms": [
      "dairy milk"
    ]
  },
  {
    "value": "lolipop",
    "synonyms": [
      "lolipop"
    ]
  },
  {
    "value": "candy",
    "synonyms": [
      "candy"
    ]
  },
  {
    "value": "vanilla ice cream",
    "synonyms": [
      "vanilla ice cream"
    ]
  },
  {
    "value": "butterscrorch",
    "synonyms": [
      "butterscrorch"
    ]
  },
  {
    "value": "stawbery ice cream",
    "synonyms": [
      "stawbeerry ice cream"
    ]
  },
  {
    "value": "beeda",
    "synonyms": [
      "beeda"
    ]
  }
]