[
  {
    "value": "peanut butter",
    "synonyms": [
      "pizza"
    ]
  },
  {
    "value": "ghee",
    "synonyms": [
      "ghee"
    ]
  },
  {
    "value": "sugar",
    "synonyms": [
      "sugar"
    ]
  },
  {
    "value": "salt",
    "synonyms": [
      "salt"
    ]
  },
  {
    "value": "rice",
    "synonyms": [
      "rice"
    ]
  },
  {
    "value": "wheat",
    "synonyms": [
      "wheat"
    ]
  },
  {
    "value": "sauce",
    "synonyms": [
      "sauce"
    ]
  },
  {
    "value": "noodles",
    "synonyms": [
      "noodles"
    ]
  },
  {
    "value": "fresh butter",
    "synonyms": [
      "fresh butter"
    ]
  },
  {
    "value": "tissue paper",
    "synonyms": [
      "tissue paper"
    ]
  },
  {
    "value": "coconut",
    "synonyms": [
      "coconut"
    ]
  },
  {
    "value": "tomato",
    "synonyms": [
      "tomato"
    ]
  },
  {
    "value": "brinjal",
    "synonyms": [
      "brinjal"
    ]
  },
  {
    "value": "cucumber",
    "synonyms": [
      "cucumber"
    ]
  },
  {
    "value": "red chilli",
    "synonyms": [
      "red chilli"
    ]
  },
  {
    "value": "curry leaves",
    "synonyms": [
      "curry leaves"
    ]
  },
  {
    "value": "coriander leaves",
    "synonyms": [
      "coriander leaves"
    ]
  }
]